imputador,protocolo,f1_mean,f1_std,average_precision_mean,roc_auc_mean,mcc_mean,tiempo_s
mediana+indicador,train_completo_cv5,0.9057,0.0026,0.9651,0.9809,0.8545,2.6
media+indicador,train_completo_cv5,0.9057,0.0026,0.9651,0.9809,0.8544,2.3
constante_-1,train_completo_cv5,0.9047,0.0025,0.9617,0.9792,0.8528,1.8
knn_k5,submuestra6000_cv3,0.8949,0.0031,0.9566,0.9767,0.8382,8.7
mediana_ref,submuestra6000_cv3,0.8883,0.003,0.9555,0.9741,0.8284,0.2
mice,submuestra6000_cv3,0.8848,0.0114,0.9506,0.9703,0.8234,15.7
media,train_completo_cv5,0.8845,0.0018,0.9578,0.9757,0.8221,2.6
mediana,train_completo_cv5,0.8838,0.0019,0.9569,0.9751,0.8208,2.6
moda,train_completo_cv5,0.8818,0.0021,0.953,0.9724,0.8176,2.0
